id,cid,tp,onstop,offstop,ridestart,ridedis,ridetime,fair,transcount,onx,ony,offx,offy,hours,hoursend,dis,function1,function2,EXTRA
3,9.00E+15,1,STN Ang Mo Kio,STN Boon Lay,74486,31.9,54.6,1.85,0,372000.18,151458.95,355986.45,148020.35,6.90,6.90,4,872,773,11.05
6,8.89E+15,1,STN Tampines,STN City Hall,66897,15.7,28.62,1.49,0,382656.24,149583.11,372304.44,142970.99,6.19,6.20,2,863,764,11.05
8,9.00E+15,1,STN Bugis,STN Orchard,45349,3.8,8.57,0.81,0,372752.11,143794.74,370110.15,144193.88,4.20,4.20,0,841,742,11.05
10,2.00E+15,3,STN Raffles Place,STN Commonwealth,68114,7.5,27.18,0.86,0,372219.63,141941.89,366297,144004.03,6.31,6.31,1,464,164,11.05
12,9.00E+15,1,STN Lakeside,STN Tampines,64399,34.8,62.6,1.88,0,357675.78,148616.17,382656.24,149583.11,5.96,5.97,4,863,764,11.05
16,9.00E+15,1,STN Chinese Garden,STN Paya Lebar,30294,23.5,48.6,1.75,0,358994.87,148409.66,376841.28,145716.07,2.81,2.81,3,831,731,11.05
19,2.00E+15,1,STN Yew Tee,STN Woodlands,29583,7.3,13.17,1.15,0,360640.21,154510.6,364998.09,158878.26,2.74,2.74,0,827,727,11.05
21,2.00E+15,2,STN Pioneer,STN Boon Lay,73310,1,7.5,0.36,0,355045.4,147858.31,355986.45,148020.35,6.79,6.79,0,667,468,11.05
22,8.99E+15,1,STN Pioneer,STN Bugis,30746,22.8,48.82,1.73,0,355045.4,147858.31,372752.11,143794.74,2.85,2.85,3,831,732,11.05
26,2.00E+15,1,STN Woodlands,STN Yishun,53081,7.3,18.85,1.15,0,364998.09,158878.26,370416.01,158031.8,4.91,4.92,0,849,749,11.05
29,9.00E+15,1,STN Joo Koon,STN Boon Lay,65011,3.6,14.13,0.81,0,352975.13,146794.72,355986.45,148020.35,6.02,6.02,0,860,760,11.05
30,9.00E+15,1,STN Orchard,STN Lakeside,52072,21.1,43.43,1.67,0,370110.15,144193.88,357675.78,148616.17,4.82,4.83,2,850,750,11.05
31,9.00E+15,1,STN Raffles Place,STN Boon Lay,68243,19.8,52.63,1.64,0,372219.63,141941.89,355986.45,148020.35,6.32,6.32,2,865,765,11.05
32,2.00E+15,1,STN Little India,STN Chinatown,30980,2.9,7.85,0.86,0,372038.54,144517.86,371320.06,141998.55,2.87,2.87,0,828,729,11.05
33,9.00E+15,1,STN Tampines,STN Lakeside,30303,34.8,62.2,1.88,0,382656.24,149583.11,357675.78,148616.17,2.81,2.81,4,832,732,11.05
40,9.00E+15,1,STN Buangkok,STN Harbour Front,27772,16.5,31.18,1.78,0,376818.33,152829.22,368781.52,139885.86,2.57,2.57,2,827,728,11.05
41,9.00E+15,1,STN Boon Keng,STN Tanjong Pagar,26319,6.6,18.7,1.24,0,373387.18,145882.68,371579.46,141114.03,2.44,2.44,0,824,724,11.05
44,9.00E+15,1,STN Harbour Front,STN Chinatown,67796,3.4,8.05,0.96,0,368781.52,139885.86,371320.06,141998.55,6.28,6.28,0,862,763,11.05
46,9.00E+15,1,STN Aljunied,STN City Hall,57017,4.6,11.95,0.91,0,375728.31,145534.37,372304.44,142970.99,5.28,5.28,0,852,753,11.05
52,8.89E+15,1,STN Bugis,STN Tampines,31603,14.8,23.47,1.45,0,372752.11,143794.74,382656.24,149583.11,2.93,2.93,2,831,731,11.05
54,8.89E+15,1,STN Jurong East,STN Buona Vista,44208,6.6,13.4,1.09,0,360037.84,147517.21,365348.22,144541.01,4.09,4.09,0,840,741,11.05
58,8.89E+15,1,STN Hougang,STN Tai Seng,29854,6,19.6,1.16,0,376784.52,151557.41,376281.38,147677.94,2.76,2.77,0,827,728,11.05
59,2.00E+15,1,STN Yishun,STN Boon Lay,29831,27.3,40.02,1.81,0,370416.01,158031.8,355986.45,148020.35,2.76,2.77,3,830,731,11.05
62,2.00E+15,1,STN Dhoby Ghaut,STN Yishun,77246,17.8,31.88,1.57,0,371602.6,143563.1,370416.01,158031.8,7.15,7.16,2,873,774,11.05
66,9.00E+15,1,STN Orchard,STN City Hall,43525,2.8,8.07,0.71,0,370110.15,144193.88,372304.44,142970.99,4.03,4.03,0,840,740,11.05
67,8.89E+15,1,STN Clementi,STN Dover,55866,1.7,9.55,0.71,0,362627.84,145414.63,364120.22,144973,5.17,5.17,0,851,752,11.05
72,2.00E+15,1,STN Yew Tee,STN Jurong East,70134,8,13.48,1.15,0,360640.21,154510.6,360037.84,147517.21,6.49,6.50,1,865,766,11.05
74,9.00E+15,1,STN Tanjong Pagar,STN Boon Keng,70010,6.6,18.4,1.24,0,371579.46,141114.03,373387.18,145882.68,6.48,6.48,0,864,765,11.05
75,2.00E+15,2,STN Pasir Ris,STN Bedok,34435,8.2,17.97,0.58,0,383134.16,151730.43,380964.37,146371.96,3.19,3.19,1,632,433,11.05
78,2.00E+15,2,STN Orchard,STN Woodlands,58263,23.2,39.83,0.58,0,370110.15,144193.88,364998.09,158878.26,5.39,5.40,3,656,457,11.05
81,9.00E+15,1,STN Boon Lay,STN Jurong East,73357,4.7,13.77,0.91,0,355986.45,148020.35,360037.84,147517.21,6.79,6.79,0,867,768,11.05
82,8.89E+15,1,STN Dover,STN Buona Vista,58278,1.4,4.23,0.71,0,364120.22,144973,365348.22,144541.01,5.40,5.40,0,853,754,11.05
84,9.00E+15,1,STN Tongkang,STN Dhoby Ghaut,27439,13.7,41.88,1.66,0,376084.17,153587.35,371602.6,143563.1,2.54,2.54,1,826,726,11.05
88,2.00E+15,2,STN Boon Lay,STN Pioneer,76041,1,4.5,0.36,0,355986.45,148020.35,355045.4,147858.31,7.04,7.04,0,670,470,11.05
89,8.89E+15,1,STN Tai Seng,STN Hougang,57274,6,23.9,1.16,0,376281.38,147677.94,376784.52,151557.41,5.30,5.31,0,853,753,11.05
93,9.00E+15,1,STN Admiralty,STN Novena,23712,19.2,34.68,1.61,0,366606.08,159274.97,371373.98,145935.66,2.20,2.20,2,823,724,11.05
95,9.00E+15,1,STN Bugis,STN Sembawang,60333,22.9,49.85,1.73,0,372752.11,143794.74,368744.83,160195.32,5.59,5.59,3,858,759,11.05
96,2.00E+15,1,STN Woodlands,STN Orchard,34238,23.2,38.3,1.73,0,364998.09,158878.26,370110.15,144193.88,3.17,3.17,3,834,735,11.05
97,9.00E+15,1,STN Paya Lebar,STN Bedok,79250,4.2,9.32,0.81,0,376841.28,145716.07,380964.37,146371.96,7.34,7.34,0,873,773,11.05
102,9.00E+15,1,STN Bedok,STN Paya Lebar,33562,4.2,9.93,0.81,0,380964.37,146371.96,376841.28,145716.07,3.11,3.11,0,831,731,11.05
103,9.00E+15,1,STN Outram Park,STN Orchard,70588,6,18.3,1.01,0,370829.62,141653.96,370110.15,144193.88,6.54,6.54,0,865,765,11.05
105,9.00E+15,1,STN City Hall,STN Orchard,50181,2.8,6.85,0.71,0,372304.44,142970.99,370110.15,144193.88,4.65,4.65,0,846,746,11.05
106,9.00E+15,1,STN Joo Koon,STN Orchard,29650,27.2,61,1.8,0,352975.13,146794.72,370110.15,144193.88,2.75,2.75,3,830,731,11.05
115,2.00E+15,1,STN Raffles Place,STN Yew Tee,73731,23.1,59.77,1.73,0,372219.63,141941.89,360640.21,154510.6,6.83,6.83,3,871,771,11.05
116,2.00E+15,1,STN Choa Chu Kang,STN Yew Tee,74391,1.4,5.2,0.71,0,360294.68,153174.71,360640.21,154510.6,6.89,6.89,0,868,769,11.05
117,9.00E+15,1,STN Paya Lebar,STN Tiong Bahru,66062,10.5,22.5,1.29,0,376841.28,145716.07,369493.29,142180.82,6.12,6.12,1,862,762,11.05
122,9.00E+15,1,STN Chinatown,STN Clarke Quay,78210,0.6,2.38,0.76,0,371320.06,141998.55,371696.33,142444.7,7.24,7.24,0,872,772,11.05
125,9.00E+15,1,STN Bukit Batok,STN Joo Koon,71474,10.4,24.12,1.29,0,360869.84,149118.51,352975.13,146794.72,6.62,6.62,1,867,767,11.05
128,9.00E+15,1,STN Novena,STN Admiralty,70754,19.2,27.45,1.61,0,371373.98,145935.66,366606.08,159274.97,6.55,6.55,2,867,768,11.05
130,2.00E+15,1,STN Yew Tee,STN Raffles Place,36358,23.1,39.15,1.73,0,360640.21,154510.6,372219.63,141941.89,3.37,3.37,3,836,737,11.05
133,9.00E+15,1,STN Orchard,STN Outram Park,79760,6,13.68,1.01,0,370110.15,144193.88,370829.62,141653.96,7.39,7.39,0,873,774,11.05
135,2.00E+15,1,STN Jurong East,STN Choa Chu Kang,72452,6.6,13.2,1.09,0,360037.84,147517.21,360294.68,153174.71,6.71,6.71,0,867,767,11.05
136,9.00E+15,1,STN Harbour Front,STN Chinatown,57272,3.4,10.8,0.96,0,368781.52,139885.86,371320.06,141998.55,5.30,5.30,0,853,753,11.05
137,9.00E+15,1,STN Bishan,STN Fernvale,66822,11,53.92,1.54,0,371858.3,149331.54,374971.34,153880.73,6.19,6.19,1,862,763,11.05
139,2.00E+15,2,STN Woodlands,STN Dhoby Ghaut,30217,25.1,46.52,0.58,0,364998.09,158878.26,371602.6,143563.1,2.80,2.80,3,630,431,11.05
142,9.00E+15,1,STN City Hall,STN Aljunied,59609,4.6,12.17,0.91,0,372304.44,142970.99,375728.31,145534.37,5.52,5.52,0,855,755,11.05
145,2.00E+15,1,STN Pioneer,STN Dhoby Ghaut,62007,22.8,40.83,1.73,0,355045.4,147858.31,371602.6,143563.1,5.74,5.75,3,860,760,11.05
147,9.00E+15,1,STN Aljunied,STN Chinatown,46836,8.5,26.18,1.26,0,375728.31,145534.37,371320.06,141998.55,4.34,4.34,1,844,744,11.05
151,9.00E+15,1,STN Chinatown,STN Harbour Front,61515,3.4,7.9,0.96,0,371320.06,141998.55,368781.52,139885.86,5.70,5.70,0,856,757,11.05
158,8.89E+15,1,STN Jurong East,STN Clementi,52730,3.5,13.72,0.81,0,360037.84,147517.21,362627.84,145414.63,4.88,4.88,0,848,749,11.05
163,2.00E+15,3,STN Bedok,STN Promenade,25466,9.4,26.73,1.4,0,380964.37,146371.96,373288.61,142958.39,2.36,2.36,1,424,125,11.05
169,9.00E+15,1,STN Outram Park,STN Hougang,55715,12.6,27.33,1.62,0,370829.62,141653.96,376784.52,151557.41,5.16,5.16,1,852,753,11.05
170,8.89E+15,1,STN Bukit Panjang,STN Boon Lay,32414,14,35.88,1.41,0,362448.76,152358.78,355986.45,148020.35,3.00,3.00,1,831,731,11.05
171,9.00E+15,1,STN Meridian,STN Outram Park,26957,18,39.07,1.82,0,378663.53,154430.98,370829.62,141653.96,2.50,2.50,2,826,727,11.05
172,9.00E+15,1,STN Lakeside,STN Orchard,42374,21.1,38.02,1.67,0,357675.78,148616.17,370110.15,144193.88,3.92,3.93,2,841,741,11.05
174,9.00E+15,1,STN Dhoby Ghaut,STN Tongkang,73149,13.7,35.9,1.66,0,371602.6,143563.1,376084.17,153587.35,6.77,6.78,1,868,769,11.05
175,9.00E+15,1,STN Outram Park,STN Meridian,68004,18,39.62,1.82,0,370829.62,141653.96,378663.53,154430.98,6.30,6.30,2,864,765,11.05
176,8.99E+15,1,STN Jurong East,STN Boon Lay,79211,4.7,13.58,0.91,0,360037.84,147517.21,355986.45,148020.35,7.33,7.34,0,873,773,11.05
179,9.00E+15,1,STN Aljunied,STN City Hall,76056,4.6,12.1,0.91,0,375728.31,145534.37,372304.44,142970.99,7.04,7.04,0,870,770,11.05
180,9.00E+15,1,STN Orchard,STN Eunos,69005,9.7,21.08,1.25,0,370110.15,144193.88,377967.94,145896.32,6.39,6.39,1,864,765,11.05
181,2.00E+15,2,STN Dhoby Ghaut,STN Somerset,55146,0.8,9.7,0.36,0,371602.6,143563.1,370778.35,143735.66,5.11,5.11,0,651,451,11.05
182,2.00E+15,3,STN Promenade,STN Bedok,66737,9.4,24.13,0.97,0,373288.61,142958.39,380964.37,146371.96,6.18,6.18,1,462,163,11.05
184,9.00E+15,1,STN Boon Lay,STN Raffles Place,33902,19.8,33.33,1.64,0,355986.45,148020.35,372219.63,141941.89,3.14,3.14,2,833,733,11.05
186,9.00E+15,1,STN Tiong Bahru,STN Chinese Garden,77046,13,22.38,1.37,0,369493.29,142180.82,358994.87,148409.66,7.13,7.14,1,872,772,11.05
188,9.00E+15,1,STN Kallang,STN Tampines,48025,12.6,27.77,1.37,0,374439.48,144985.29,382656.24,149583.11,4.45,4.45,1,845,745,11.05
189,8.89E+15,1,STN Boon Lay,STN Lakeside,37934,1.8,9.25,0.71,0,355986.45,148020.35,357675.78,148616.17,3.51,3.51,0,835,735,11.05
191,2.00E+15,3,STN Buona Vista,STN Marina Bay,56101,9.5,24.25,0.86,0,365348.22,144541.01,372576.31,141075.99,5.19,5.20,1,452,153,11.05
192,9.00E+15,1,STN Clarke Quay,STN Cove,85027,16.3,39.73,1.78,0,371696.33,142444.7,378331.87,154693.14,7.87,7.88,2,880,781,11.05
193,9.00E+15,1,STN Khatib,STN Chinatown,70251,18.4,36.72,1.71,0,370166.39,156694.54,371320.06,141998.55,6.50,6.51,2,867,767,11.05
195,2.00E+15,1,STN Orchard,STN Woodlands,47845,23.2,40.35,1.73,0,370110.15,144193.88,364998.09,158878.26,4.43,4.43,3,847,747,11.05
196,9.00E+15,1,STN Admiralty,STN Toa Payoh,22546,17.7,25.15,1.57,0,366606.08,159274.97,371815.75,147333.86,2.09,2.09,2,822,723,11.05
200,9.00E+15,1,STN Tanjong Pagar,STN Paya Lebar,67316,7.9,20.12,1.15,0,371579.46,141114.03,376841.28,145716.07,6.23,6.23,1,863,763,11.05
202,8.89E+15,1,STN Lakeside,STN Chinese Garden,40118,1.4,5.8,0.71,0,357675.78,148616.17,358994.87,148409.66,3.71,3.72,0,837,737,11.05
207,9.00E+15,1,STN Bishan,STN Boon Keng,24172,6.5,20.72,1.24,0,371858.3,149331.54,373387.18,145882.68,2.24,2.24,0,822,722,11.05
209,9.00E+15,1,STN Cove,STN Clarke Quay,46018,16.3,30.5,1.78,0,378331.87,154693.14,371696.33,142444.7,4.26,4.26,2,844,745,11.05
210,9.00E+15,1,STN Orchard,STN Boon Lay,61956,23.6,43.73,1.75,0,370110.15,144193.88,355986.45,148020.35,5.74,5.74,3,860,760,11.05
214,8.99E+15,1,STN Braddell,STN Ang Mo Kio,65619,3.5,6.25,0.81,0,371530.79,148173.18,372000.18,151458.95,6.08,6.08,0,860,761,11.05
219,9.00E+15,1,STN Toa Payoh,STN Admiralty,69160,17.7,28.95,1.57,0,371815.75,147333.86,366606.08,159274.97,6.40,6.41,2,866,766,11.05
220,9.00E+15,1,STN Hougang,STN Dhoby Ghaut,48769,9.9,21.1,1.5,0,376784.52,151557.41,371602.6,143563.1,4.52,4.52,1,846,746,11.05
222,9.00E+15,1,STN Layar,STN Bishan,27163,10.5,33.23,1.54,0,375388.92,153907.62,371858.3,149331.54,2.52,2.52,1,826,726,11.05
223,8.99E+15,1,STN Admiralty,STN Tanjong Pagar,30437,26.5,52.12,1.8,0,366606.08,159274.97,371579.46,141114.03,2.82,2.82,3,831,731,11.05
225,2.00E+15,1,STN Yishun,STN Yew Tee,59641,14.6,32,1.45,0,370416.01,158031.8,360640.21,154510.6,5.52,5.53,1,856,756,11.05
227,9.00E+15,1,STN Meridian,STN Chinatown,33029,17.3,38.32,1.82,0,378663.53,154430.98,371320.06,141998.55,3.06,3.06,2,832,733,11.05
230,9.00E+15,1,STN Chinatown,STN Aljunied,68951,8.5,25.48,1.26,0,371320.06,141998.55,375728.31,145534.37,6.38,6.39,1,864,765,11.05
236,2.00E+15,1,STN Commonwealth,STN Redhill,63466,2.6,5.35,0.71,0,366297,144004.03,368357.62,142584.98,5.88,5.88,0,858,759,11.05
248,8.99E+15,1,STN Bugis,STN Pioneer,59427,22.8,39.92,1.73,0,372752.11,143794.74,355045.4,147858.31,5.50,5.51,3,858,758,11.05
249,9.00E+15,1,STN Harbour Front,STN Buangkok,69399,16.5,31.85,1.78,0,368781.52,139885.86,376818.33,152829.22,6.43,6.43,2,866,766,11.05
251,9.00E+15,1,STN Eunos,STN Orchard,55219,9.7,22.73,1.25,0,377967.94,145896.32,370110.15,144193.88,5.11,5.11,1,852,752,11.05
257,9.00E+15,1,64101,59009,41960,11,28.35,1.29,0,375014.53,151713.28,370558.65,157837.94,3.89,3.89,1,839,740,11.05
265,2.00E+15,2,53349,53399,25362,2.1,7.47,0.36,0,370247.91,150752.82,371723.18,149766.59,2.35,2.35,0,623,423,11.05
268,9.00E+15,1,52369,53229,23322,1.9,4.38,0.71,0,372364.04,148142.45,371982.14,149044.16,2.16,2.16,0,821,722,11.05
269,2.00E+15,1,27211,22529,60889,4.2,16.65,0.81,0,353213.17,149039.12,355067.06,147902.89,5.64,5.64,0,856,756,11.05
271,2.00E+15,2,59111,46779,57357,4.2,10.67,0.41,0,369717.62,158114.9,366553.65,159270.17,5.31,5.31,0,653,453,11.05
274,9.00E+15,1,71071,71091,66139,0.9,4.13,0.71,0,377382.5,147735.09,378034.02,147107.64,6.12,6.12,0,861,761,11.05
277,9.00E+15,1,7518,2049,42523,1.1,5.3,0.71,0,372279.28,143797.58,372481.92,143133.44,3.94,3.94,0,839,739,11.05
279,9.00E+15,1,96251,84049,39225,3.6,12.95,0.81,0,383334.2,148158.7,381481.97,146412.88,3.63,3.63,0,836,736,11.05
280,9.00E+15,1,95131,95061,23446,0.9,2.8,0.71,0,388737.85,153154.21,388391.13,152353.7,2.17,2.17,0,821,722,11.05
283,9.00E+15,1,84061,96259,33581,2.8,11.23,0.71,0,382358.24,146579.7,383316.31,148195.46,3.11,3.11,0,831,731,11.05
284,2.00E+15,2,92111,85041,24818,7.2,24.08,0.55,0,377998.27,144277.05,383258.29,146714.73,2.30,2.30,0,622,423,11.05
285,9.00E+15,1,11049,11519,60405,1.4,4.13,0.71,0,366441.33,143219.24,366880.2,142263.26,5.59,5.59,0,855,756,11.05
286,9.00E+15,1,95069,96161,60102,10.1,27.52,1.25,0,388362.6,152359.82,383593.34,148381.5,5.57,5.57,1,856,757,11.05
288,9.00E+15,1,80161,81149,66558,3.6,15.05,0.81,0,373449.17,143765.03,376464.03,145059.75,6.16,6.16,0,861,762,11.05
290,9.00E+15,1,46469,46009,36979,2.2,6.48,0.71,0,365929.86,159937.95,364917.56,158848.76,3.42,3.42,0,834,734,11.05
291,9.00E+15,1,59079,58011,49322,2.4,8.6,0.71,0,370419.49,158022.5,369195.71,159353.06,4.57,4.57,0,845,746,11.05
292,9.00E+15,1,59079,57131,84792,2,6.12,0.71,0,370419.49,158022.5,369318.58,158994.01,7.85,7.85,0,878,779,11.05
296,8.89E+15,1,42161,28531,80246,8.5,26.68,1.21,0,363451,148177.2,357175.55,149249.08,7.43,7.43,1,875,775,11.05
297,9.00E+15,1,81119,70271,68674,1.4,6.23,0.1,1,376737.62,145789.19,376432.59,147112.6,6.36,6.36,0,863,764,11.05
298,9.00E+15,1,1013,50229,83124,3.4,14.52,0.81,0,372430.38,143460.47,372377.11,146001.15,7.70,7.70,0,876,777,11.05
304,2.00E+15,2,46779,46869,58147,0.9,4.1,0.36,0,366553.65,159270.17,366557.71,158657.73,5.38,5.38,0,653,454,11.05
307,2.00E+15,2,46069,46611,59557,2.8,8.18,0.36,0,363090.03,159515.24,364009.3,158006.98,5.51,5.52,0,655,455,11.05
309,2.00E+15,2,46611,46009,67089,2.2,8.22,0.36,0,364009.3,158006.98,364917.56,158848.76,6.21,6.21,0,662,462,11.05
316,8.89E+15,1,70171,92169,22121,3.3,13.65,0.81,0,376006.11,146849.34,377236.01,144205.64,2.05,2.05,0,820,720,11.05
332,8.99E+15,1,28459,28229,31618,2.7,8.77,0.71,0,359184.23,148630.48,360463.64,146629.38,2.93,2.93,0,829,729,11.05
334,9.00E+15,1,22009,21241,83070,1.7,7.48,0.71,0,356012.5,148106.56,356736.21,149225.59,7.69,7.69,0,876,777,11.05
335,9.00E+15,1,28409,28229,20693,5,20.15,0.91,0,357380.94,149345.02,360463.64,146629.38,1.92,1.92,0,819,719,11.05
336,8.99E+15,1,22009,28409,32650,2.4,11.6,0.71,0,356012.5,148106.56,357380.94,149345.02,3.02,3.02,0,830,730,11.05
347,9.00E+15,1,76359,76269,43470,0.7,3.5,0.71,0,383427.15,150574,384029.97,150538.17,4.03,4.03,0,840,740,11.05
348,9.00E+15,1,84311,98091,58434,8.6,27.48,1.21,0,380662.14,147031.02,384656.4,150831.75,5.41,5.41,1,855,755,11.05
352,9.00E+15,1,98099,84319,67069,8.7,39.45,1.21,0,384665.59,150851.31,380678.84,147009.67,6.21,6.21,1,863,763,11.05
356,9.00E+15,1,54371,54009,70963,1.8,5.2,0.71,0,372698.92,150616.62,371954.55,151416.39,6.57,6.57,0,865,766,11.05
358,9.00E+15,1,53371,13159,28330,8.8,38.08,1.21,0,371381.68,150345.68,369891.55,143493.92,2.62,2.63,1,827,727,11.05
361,9.00E+15,1,50159,40239,26334,3.5,10.97,0.81,0,372422.54,146433.53,369406.44,146209.46,2.44,2.44,0,824,724,11.05
362,9.00E+15,1,55031,67301,66962,5.3,18.57,1.01,0,371358.5,153612.05,376175.01,153539.11,6.20,6.20,0,862,762,11.05
364,8.89E+15,1,18051,11361,62643,3.9,18.53,0.71,0,365086.07,143566.49,365453.44,144448.22,5.80,5.80,0,858,758,11.05
369,2.00E+15,2,67351,65031,64684,1.5,5.07,0.36,0,376687.52,153643.53,377811.94,153338.1,5.99,5.99,0,659,460,11.05
371,8.89E+15,1,11369,18051,61778,1.2,2.9,0.71,0,365471.94,144446.44,365086.07,143566.49,5.72,5.72,0,857,757,11.05
373,9.00E+15,1,4142,81201,63715,5.2,26.03,0.91,0,372021.03,142933.24,375742.45,145774.12,5.90,5.90,0,858,759,11.05
374,2.00E+15,2,65031,67359,24866,2,8.67,0.36,0,377811.94,153338.1,376556.99,153677.98,2.30,2.30,0,623,423,11.05
378,2.00E+15,3,4223,51081,44446,7,28.98,0.81,0,371905.74,142716.5,370838.29,148194.2,4.12,4.12,0,441,141,11.05
389,2.00E+15,2,59511,59139,55408,0.8,2.85,0.36,0,369724.59,157777.15,369793.59,158241.47,5.13,5.13,0,651,451,11.05
390,2.00E+15,3,1013,51081,60981,6,31.4,0.76,0,372430.38,143460.47,370838.29,148194.2,5.65,5.65,0,456,156,11.05
394,8.89E+15,1,92161,1329,57335,5.2,13.97,0.91,0,377245.25,144140.83,373579.35,144274.94,5.31,5.31,0,853,753,11.05
399,2.00E+15,2,58291,58329,25107,1.5,5.55,0.36,0,368717.84,159831.15,368355.86,160350.7,2.32,2.33,0,623,423,11.05
402,2.00E+15,2,58291,58329,56714,1.5,3.43,0.36,0,368717.84,159831.15,368355.86,160350.7,5.25,5.25,0,652,453,11.05
413,9.00E+15,1,40239,40219,27349,0.7,2.48,0,1,369406.44,146209.46,369387.54,145612.38,2.53,2.53,0,825,725,11.05
419,2.00E+15,2,43389,28331,60671,1.6,6,0.36,0,360734.58,148973.33,359603.33,148372.67,5.62,5.62,0,656,456,11.05
425,2.00E+15,2,27391,22369,49161,1.6,6.65,0.36,0,354969.77,149090.17,354834.64,148180.27,4.55,4.55,0,645,446,11.05
434,9.00E+15,1,22009,23081,67962,4.5,11.32,0.76,0,356012.5,148106.56,352945.85,147064.1,6.29,6.29,0,862,763,11.05
436,2.00E+15,2,66431,52059,78288,6.2,18.33,0.51,0,374878.21,151798.68,372715.97,148483.61,7.25,7.25,0,672,473,11.05
437,2.00E+15,2,52061,63211,68068,4.5,17.4,0.46,0,373007.27,148530.9,374928.95,151249.03,6.30,6.30,0,663,463,11.05
438,2.00E+15,1,54341,64491,67887,4.2,20.07,0.81,0,371823.39,151976.47,375294.2,152022.78,6.29,6.29,0,862,763,11.05
441,9.00E+15,1,63399,60159,73501,6.2,18.98,1.01,0,375431.17,151480.25,374025.76,146387.73,6.81,6.81,0,868,768,11.05
444,9.00E+15,1,63319,7518,38852,9.1,35.45,1.21,0,375254.06,151379.25,372279.28,143797.58,3.60,3.60,1,836,737,11.05
454,2.00E+15,2,85049,92129,53512,6.6,19.47,0.55,0,383326.61,146663.73,378345.14,144479.07,4.95,4.96,0,649,450,11.05
455,9.00E+15,1,92129,10101,31015,14.5,61.4,1.45,0,378345.14,144479.07,368023.78,142069.43,2.87,2.88,1,829,730,11.05
457,9.00E+15,1,71071,80069,73905,6.1,22.07,1.01,0,377382.5,147735.09,375084.03,145054.43,6.84,6.85,0,868,768,11.05
460,9.00E+15,1,3311,28401,67181,21.5,25.65,2.3,0,372650.47,140985.87,357413.17,149324.85,6.22,6.22,2,864,764,11.05
461,9.00E+15,1,9048,1112,84348,2.9,10.28,0.71,0,370271.49,144163.72,372642.93,143720.57,7.81,7.81,0,878,778,11.05
463,8.99E+15,1,54589,52021,28678,4.8,24.88,0.91,0,372805.48,151641.18,371798.03,148623.96,2.66,2.66,0,826,727,11.05
464,9.00E+15,1,65171,65229,55371,2.3,7.75,0.71,0,379066.24,154073.72,378246.09,155124.79,5.13,5.13,0,851,751,11.05
466,9.00E+15,1,53231,52361,56722,2,6.37,0.71,0,371826.81,149323.59,372388.67,148122.17,5.25,5.25,0,852,753,11.05
471,9.00E+15,1,50221,50241,72561,0.7,2.73,0.71,0,372387.76,146089.25,372871.03,145617.52,6.72,6.72,0,867,767,11.05
474,9.00E+15,1,81029,40271,31433,5.6,26.48,1.01,0,375950.18,145220.05,371657.31,144687.62,2.91,2.91,0,829,729,11.05
477,8.99E+15,1,84049,80089,77003,6.5,20.85,1.09,0,381481.97,146412.88,375483.38,145129.55,7.13,7.13,0,871,771,11.05
483,8.99E+15,1,20271,28291,61063,2.7,9.72,0.71,0,360447.25,146505.01,359429.29,148655.87,5.65,5.65,0,856,757,11.05
485,9.00E+15,1,77191,77271,67061,1.9,5.77,0.71,0,382743.53,152181.65,381510.57,152619.82,6.21,6.21,0,862,762,11.05
492,9.00E+15,1,40211,40231,56893,0.6,1.63,0.71,0,369367.48,145545.11,369360.3,146171.92,5.27,5.27,0,852,753,11.05
494,9.00E+15,1,92079,71069,26195,4.7,22.83,0.91,0,379273.19,144446.14,377043.12,148012.06,2.43,2.43,0,824,724,11.05
496,9.00E+15,1,96021,76101,49926,2.5,4.65,0.71,0,383924.65,147469.53,383728.73,149574.3,4.62,4.62,0,846,746,11.05
503,9.00E+15,1,71061,92071,70209,5.2,19.28,0.91,0,377063.43,148027.46,379269.1,144473.93,6.50,6.50,0,865,765,11.05
505,2.00E+15,2,58321,58299,63435,1.5,3.53,0.36,0,368297.19,160326.41,368694.21,159848.08,5.87,5.87,0,658,459,11.05
507,9.00E+15,1,57139,59073,72159,2,8.48,0.71,0,369345.14,158965.4,370442.91,157932.86,6.68,6.68,0,866,767,11.05
508,2.00E+15,2,75009,64339,63833,11.2,42.07,0.58,0,382488.05,149744.73,376176.92,151605.3,5.91,5.91,1,660,460,11.05
509,2.00E+15,2,58321,58299,48243,1.5,4.47,0.36,0,368297.19,160326.41,368694.21,159848.08,4.47,4.47,0,644,445,11.05
510,9.00E+15,1,65221,65179,51513,2.5,6.4,0.71,0,378191.22,155195.96,378946.34,154132.01,4.77,4.77,0,847,748,11.05
511,9.00E+15,1,54219,7539,42509,9.7,34.8,1.25,0,370602.17,151324.21,372296.4,144215.42,3.94,3.94,1,840,740,11.05
516,2.00E+15,2,46009,46069,67764,3.4,12.78,0.41,0,364917.56,158848.76,363090.03,159515.24,6.27,6.28,0,662,463,11.05
536,9.00E+15,1,46191,46821,66509,4.2,23.55,0.71,0,364318.84,159176.47,366224.49,159440.08,6.16,6.16,0,861,762,11.05
548,8.89E+15,1,60119,1059,35682,2.7,15.32,0.71,0,373630.35,145790.28,372752.03,143825.23,3.30,3.31,0,833,733,11.05
551,9.00E+15,1,13141,53379,68824,8.7,39.88,1.21,0,369828.26,143438.21,371367.7,150381.8,6.37,6.38,1,864,765,11.05
552,2.00E+15,2,22231,27401,24474,1.6,11.05,0.36,0,355068.6,148237.88,354725.92,148956.15,2.27,2.27,0,622,423,11.05
557,2.00E+15,2,53391,53341,67169,2,8.07,0.36,0,371732.9,149729.14,370274.4,150745.65,6.22,6.22,0,662,462,11.05
558,2.00E+15,2,84131,96111,35762,3.7,8.98,0.41,0,380695.78,146080.96,383566.64,147439.28,3.31,3.31,0,633,433,11.05
560,9.00E+15,1,22009,27369,73554,2.2,13.38,0.71,0,356012.5,148106.56,354713.46,148464.76,6.81,6.81,0,868,768,11.05
561,9.00E+15,1,10139,10109,52131,0.6,1.68,0.71,0,367398.29,142202.54,368013.06,142096.71,4.83,4.83,0,848,748,11.05
562,9.00E+15,1,5023,81159,83676,6.7,26.22,1.09,0,371553.95,142274.74,376221.67,145007.68,7.75,7.75,0,877,778,11.05
565,2.00E+15,1,64499,54349,44148,3.9,13.05,0.81,0,375230.47,151998.22,371850.93,151984.96,4.09,4.09,0,840,741,11.05
566,9.00E+15,1,43491,42259,41922,5.8,14.27,1.01,0,360617.16,150799.03,363942.15,148267.92,3.88,3.88,0,838,739,11.05
572,2.00E+15,2,11009,11159,24644,2.2,8.35,0.36,0,365306.85,144945.15,366895.12,143497.69,2.28,2.28,0,622,423,11.05
576,9.00E+15,1,11021,17009,62773,9.8,31.95,1.25,0,366748.28,142551.02,362422.89,145551.34,5.81,5.82,1,859,759,11.05
580,2.00E+15,2,11151,11009,49551,2.3,10.5,0.36,0,366769.79,143570.09,365306.85,144945.15,4.59,4.59,0,645,446,11.05
593,9.00E+15,1,80069,14141,25309,9.8,32.93,1.25,0,375084.03,145054.43,368952.77,139907.25,2.34,2.35,1,824,724,11.05
594,9.00E+15,1,54241,63311,67238,3.7,17.2,0.81,0,371652.75,151357.64,375249.31,151426.68,6.23,6.23,0,862,762,11.05
602,2.00E+15,2,46579,46088,58436,1.9,5.12,0.36,0,363778.32,158634.78,363294.37,159409.31,5.41,5.41,0,654,454,11.05
606,9.00E+15,1,43419,43499,64752,1.6,4.47,0.71,0,360927.25,149436.65,360586.74,150643.77,6.00,6.00,0,859,760,11.05
607,9.00E+15,1,20291,29101,47334,2,6.08,0.71,0,361793.44,144938.57,360918.88,143564.62,4.38,4.38,0,843,744,11.05
612,2.00E+15,1,22009,27211,33457,4.5,13.62,0.91,0,356012.5,148106.56,353213.17,149039.12,3.10,3.10,0,830,731,11.05
613,8.89E+15,1,1113,60121,84401,2.9,11.38,0.71,0,372737.03,143839.74,373384.51,145955.21,7.81,7.82,0,878,778,11.05
614,9.00E+15,1,17071,20291,58985,0.4,0.68,0.71,0,362066.73,144740.4,361793.44,144938.57,5.46,5.46,0,854,755,11.05
615,8.99E+15,1,63211,64111,75611,0.9,2.4,0.71,0,374928.95,151249.03,375053.35,152106.7,7.00,7.00,0,870,770,11.05
616,9.00E+15,1,72051,71079,31740,0.9,3.63,0.71,0,378080.05,147415.32,377408.27,147672.76,2.94,2.94,0,829,729,11.05
617,9.00E+15,1,76131,65069,62251,8.7,17.93,1.21,0,382377.39,149446.82,377883.04,154223.54,5.76,5.77,1,858,759,11.05
621,9.00E+15,1,7011,63211,58568,8.3,38.5,1.21,0,372035.75,143826.15,374928.95,151249.03,5.42,5.43,1,855,755,11.05
622,8.89E+15,1,1013,40011,75966,1.4,7.75,0.71,0,372430.38,143460.47,371966.78,144378.76,7.03,7.03,0,870,770,11.05
623,9.00E+15,1,60229,54331,58366,8.8,27.58,1.21,0,374309.8,146215.66,372131.04,151150.67,5.40,5.41,1,855,755,11.05
628,9.00E+15,1,7011,64361,66471,10.7,60.83,1.29,0,372035.75,143826.15,376573.49,152156.49,6.15,6.16,1,862,763,11.05
631,2.00E+15,2,64399,65021,68648,2.1,5.55,0.36,0,376435.95,151589.76,377588.89,152998.37,6.36,6.36,0,663,464,11.05
632,9.00E+15,1,1529,1112,49106,1.2,7.3,0.71,0,373211.38,143766.75,372642.93,143720.57,4.55,4.55,0,845,745,11.05
633,2.00E+15,2,65019,64391,73636,1.6,6.48,0.36,0,377346.42,152735.59,376486.1,151615.83,6.82,6.82,0,668,468,11.05
635,8.99E+15,1,64119,63219,67107,0.9,3.3,0.71,0,375079.36,152201.95,374978.95,151292.67,6.21,6.21,0,862,762,11.05
637,2.00E+15,2,96011,75009,60934,3.5,13.87,0.41,0,383587.97,147214.27,382488.05,149744.73,5.64,5.64,0,656,456,11.05
639,2.00E+15,2,53279,53289,55880,0.3,1.27,0.36,0,372472.8,149246.18,372576.52,148963.91,5.17,5.17,0,651,452,11.05
640,9.00E+15,1,50211,1029,44411,4.1,18.28,0.81,0,372341.9,146259.52,372548.87,143350.41,4.11,4.11,0,841,741,11.05
652,9.00E+15,1,65061,76191,46507,8,12.77,1.15,0,377849.36,154220.27,382604.44,150000.46,4.31,4.31,1,844,744,11.05
653,9.00E+15,1,92049,5199,36891,10.2,36.5,1.25,0,378149.75,143968.68,371772.35,142127.01,3.42,3.42,1,835,735,11.05
656,9.00E+15,1,40029,81011,69236,6.1,34.83,1.01,0,371241.74,144981.67,375762.25,145409.86,6.41,6.41,0,864,764,11.05
658,9.00E+15,1,10061,18071,26429,6.1,21.75,1.01,0,369774.25,141354.16,364766.64,143225.25,2.45,2.45,0,824,724,11.05
660,8.99E+15,1,80071,84031,80409,6.3,18.97,1.09,0,374999.36,145241.82,380954.32,146395.32,7.45,7.45,0,874,774,11.05
661,9.00E+15,1,64009,95109,25957,21.2,56.07,1.67,0,376856.14,151563.48,387350.63,149974.72,2.40,2.41,2,826,726,11.05
663,9.00E+15,1,10119,92121,68009,14.4,77.07,1.45,0,367735.98,142163.28,378369.64,144514.04,6.30,6.30,1,863,764,11.05
668,2.00E+15,1,80231,60119,25886,4.2,11.93,0.81,0,375408.93,145777.62,373630.35,145790.28,2.40,2.40,0,823,724,11.05
671,9.00E+15,1,40231,50211,57062,4.2,14.28,0.2,1,369360.3,146171.92,372341.9,146259.52,5.28,5.28,0,852,753,11.05
674,2.00E+15,1,60121,80239,63421,4.2,14.28,0.81,0,373384.51,145955.21,375447.25,145756.25,5.87,5.87,0,858,759,11.05
676,8.89E+15,1,28539,42169,43783,8.4,32.87,1.21,0,357095.56,149234.89,363570.49,148181.72,4.05,4.06,1,841,742,11.05
680,8.99E+15,1,54261,54281,71810,0.6,1.22,0.71,0,372138.04,151392.01,372730.48,151394.95,6.65,6.65,0,866,766,11.05
684,2.00E+15,3,51089,4168,32915,7,26.38,0.81,0,370896.48,148305.99,372197.66,142843.04,3.05,3.05,0,430,131,11.05
685,9.00E+15,1,80071,71079,27084,5.3,19.15,1.01,0,374999.36,145241.82,377408.27,147672.76,2.51,2.51,0,825,725,11.05
690,2.00E+15,3,51089,1029,57309,6.4,26.32,0.81,0,370896.48,148305.99,372548.87,143350.41,5.31,5.31,0,453,153,11.05
697,8.99E+15,1,28541,28449,65489,3.9,16.22,0.71,0,357290.66,149514.18,359758.3,147724.47,6.06,6.07,0,860,761,11.05
698,9.00E+15,1,76251,76351,27679,1,4.73,0.71,0,384103.89,150317.59,383504.75,150584.64,2.56,2.56,0,825,726,11.05
704,2.00E+15,2,64619,65021,81951,3.1,9.38,0.36,0,375920.62,152350.07,377588.89,152998.37,7.59,7.59,0,675,476,11.05
705,2.00E+15,2,65021,77009,33046,8.8,17.15,0.58,0,377588.89,152998.37,383140.64,151880.8,3.06,3.06,1,631,432,11.05
734,9.00E+15,1,STN Admiralty,STN MacPherson,25470,22,83.13,1.85,2,366606.08,159274.97,376512.02,146662.65,2.36,2.37,2,825,726,11.05
735,9.00E+15,1,STN MacPherson,STN Boon Keng,58220,7.5,54.5,2.4,2,376512.02,146662.65,373387.18,145882.68,5.39,5.40,1,854,755,11.05
736,9.00E+15,1,7241,46771,63983,22.1,78.18,3.7,4,373061.68,145447.74,366536.39,159305.04,5.92,5.93,3,862,762,11.05
741,9.00E+15,1,STN Bedok,STN Paya Lebar,29724,4.2,19.9,0.81,2,380964.37,146371.96,376841.28,145716.07,2.75,2.75,0,827,728,11.05
742,9.00E+15,1,STN Paya Lebar,70119,66522,6.8,35.43,2.09,4,376841.28,145716.07,375123.15,147088.03,6.16,6.16,0,861,762,11.05
743,9.00E+15,1,70111,STN Bedok,82542,8.7,25.37,5.21,4,375090.27,147124.1,380964.37,146371.96,7.64,7.65,1,877,777,11.05
759,2.00E+15,2,40069,STN Dhoby Ghaut,53787,3.1,29.5,0.36,3,370285.36,145753.88,371602.6,143563.1,4.98,4.98,0,649,450,11.05
760,2.00E+15,2,STN Dhoby Ghaut,STN Serangoon,56340,6.6,37.2,2.55,2,371602.6,143563.1,374668.85,149158.2,5.22,5.22,0,652,452,11.05
761,2.00E+15,2,STN Serangoon,STN Potong Pasir,59032,2.2,20.37,3.36,2,374668.85,149158.2,374204.47,147183.88,5.47,5.47,0,654,455,11.05
762,9.00E+15,1,22599,STN Bukit Batok,68501,7.5,21.78,1.15,3,355717.59,148681.83,360869.84,149118.51,6.34,6.34,1,864,764,11.05
763,9.00E+15,1,STN Bukit Batok,22591,77964,7.9,33.67,3.15,3,360869.84,149118.51,355702.06,148667.61,7.22,7.22,1,873,773,11.05
773,9.00E+15,1,59459,STN Somerset,33579,18.2,37.27,1.57,3,371244.38,157693.59,370778.35,143735.66,3.11,3.11,2,833,733,11.05
774,9.00E+15,1,STN Somerset,59469,72626,18.8,100.43,3.61,3,370778.35,143735.66,371785.33,157387.51,6.72,6.73,2,869,769,11.05
778,2.00E+15,3,45259,STN Clementi,42861,11.3,34.77,0.86,3,359878.55,153856.7,362627.84,145414.63,3.97,3.97,1,440,141,11.05
779,2.00E+15,3,STN Clementi,STN Yew Tee,54644,11.5,50.73,2.86,2,362627.84,145414.63,360640.21,154510.6,5.06,5.06,1,451,152,11.05
780,2.00E+15,3,45439,45329,60359,0.7,12.9,3.53,2,361065.07,154919.99,360711.45,154505.84,5.59,5.59,0,455,156,11.05
801,9.00E+15,1,17159,STN Novena,39084,11,54.1,1.29,3,363121.13,145044.57,371373.98,145935.66,3.62,3.62,1,837,737,11.05
802,9.00E+15,1,STN Novena,17159,45235,17.2,67.15,3.53,3,371373.98,145935.66,363121.13,145044.57,4.19,4.19,2,843,744,11.05
803,9.00E+15,1,17151,17181,60642,1,13.23,4.71,2,363113.84,145016.19,362487.7,145642.1,5.62,5.62,0,856,756,11.05
804,9.00E+15,1,17189,17159,65537,1,14.1,5.71,2,362481.96,145707.09,363121.13,145044.57,6.07,6.07,0,860,761,11.05
809,9.00E+15,1,STN Raffles Place,53289,62223,10.7,45.33,1.29,3,372219.63,141941.89,372576.52,148963.91,5.76,5.77,1,858,759,11.05
827,9.00E+15,1,28671,STN Queenstown,31314,8.8,30.72,1.21,3,361179.1,147826.38,367174.39,143106.35,2.90,2.90,1,829,730,11.05
828,9.00E+15,1,STN Queenstown,STN Clementi,38136,5.4,25.73,3.01,2,367174.39,143106.35,362627.84,145414.63,3.53,3.53,0,835,735,11.05
834,8.99E+15,1,53389,53231,30958,1,10.5,0.71,2,371520.61,150151.38,371826.81,149323.59,2.87,2.87,0,828,729,11.05
836,8.99E+15,1,46799,46651,57713,3.4,14.57,4.81,3,366473.19,159843.6,365883.23,158413.17,5.34,5.35,0,853,753,11.05
837,8.99E+15,1,46659,53381,63019,21.7,53.65,7.7,5,365864.52,158394.75,371500.32,150164.43,5.84,5.84,2,860,760,11.05
838,2.00E+15,2,STN Tanah Merah,59189,22988,31.7,118.87,0.58,3,382805.22,146727,371189.4,158558.88,2.13,2.14,4,625,425,11.05
839,2.00E+15,2,59181,STN Tanah Merah,58843,31.7,61.5,2.58,3,371195.82,158551.35,382805.22,146727,5.45,5.45,4,658,459,11.05
843,8.99E+15,1,11179,STN Chinatown,30942,6.7,21.28,1.14,3,365846.19,144416.02,371320.06,141998.55,2.87,2.87,0,828,729,11.05
844,8.99E+15,1,STN Chinatown,11171,68059,6.6,53.62,3.14,3,371320.06,141998.55,365915.73,144313.51,6.30,6.31,0,863,763,11.05
854,9.00E+15,1,78229,STN Eunos,33905,13.2,32.53,1.37,3,384405.29,151905.87,377967.94,145896.32,3.14,3.14,1,832,732,11.05
855,9.00E+15,1,STN Eunos,78221,51772,13.1,48.5,3.37,3,377967.94,145896.32,384432,151906.97,4.79,4.80,1,848,749,11.05
862,9.00E+15,1,43371,92111,42391,27.9,74.98,1.81,4,360477.09,148897.45,377998.27,144277.05,3.93,3.93,3,842,742,11.05
863,9.00E+15,1,92119,1119,48849,6.7,48.73,4.09,2,378004.83,144258.67,372626.61,143677.65,4.52,4.53,0,845,745,11.05
864,9.00E+15,1,STN Bugis,STN Bukit Batok,53348,19.3,77.2,5.64,2,372752.11,143794.74,360869.84,149118.51,4.94,4.95,2,851,751,11.05
865,9.00E+15,1,STN Pioneer,96111,26210,34.9,137,1.88,3,355045.4,147858.31,383566.64,147439.28,2.43,2.44,4,828,728,11.05
866,9.00E+15,1,96119,1059,34299,14.2,52.23,3.41,3,383585.77,147450.7,372752.03,143825.23,3.18,3.18,1,832,733,11.05
867,9.00E+15,1,1039,28439,45735,17.2,112.43,5.53,2,372662.35,143508.07,359661.4,147540.18,4.23,4.25,2,844,744,11.05
868,9.00E+15,1,22551,22491,72606,0.9,9.3,5.66,2,355448.63,147591.28,355901.65,147842.93,6.72,6.72,0,867,767,11.05
869,9.00E+15,1,22009,22569,78263,1.2,9.5,6.66,2,356012.5,148106.56,355874.24,147573.92,7.25,7.25,0,872,772,11.05
870,8.99E+15,1,46189,STN Orchard,31153,24.4,44.63,1.77,3,364111.74,159182.99,370110.15,144193.88,2.88,2.89,3,831,732,11.05
871,8.99E+15,1,STN Orchard,STN City Hall,67544,2.8,16.37,2.71,2,370110.15,144193.88,372304.44,142970.99,6.25,6.26,0,862,763,11.05
872,8.99E+15,1,STN City Hall,STN Woodlands,70252,26.1,120.33,4.79,2,372304.44,142970.99,364998.09,158878.26,6.50,6.52,3,868,768,11.05
873,8.99E+15,1,46009,46709,79709,1.8,12.5,4.71,2,364917.56,158848.76,363791.75,159347.46,7.38,7.38,0,873,774,11.05
887,8.99E+15,1,46799,54301,26051,15.4,32.22,1.49,4,366473.19,159843.6,373510.25,151478.94,2.41,2.42,2,826,726,11.05
888,8.99E+15,1,STN Ang Mo Kio,STN Yishun,67349,7.7,51.57,4.15,2,372000.18,151458.95,370416.01,158031.8,6.24,6.24,1,863,763,11.05
889,8.99E+15,1,STN Yishun,STN Admiralty,78406,5.6,16.9,5.01,2,370416.01,158031.8,366606.08,159274.97,7.26,7.26,0,872,773,11.05
890,2.00E+15,3,STN Commonwealth,STN Raffles Place,20311,7.5,40.9,1.05,2,366297,144004.03,372219.63,141941.89,1.88,1.88,1,419,120,11.05
891,2.00E+15,3,STN Raffles Place,10151,55977,3.4,24.38,1.61,4,372219.63,141941.89,369685.6,142144.56,5.18,5.19,0,451,152,11.05
892,2.00E+15,3,STN Tiong Bahru,STN Commonwealth,66295,3.8,21.87,4.61,2,369493.29,142180.82,366297,144004.03,6.14,6.14,0,461,161,11.05
893,9.00E+15,1,59249,STN Ang Mo Kio,30317,7.8,11.6,1.15,3,370888.65,158567.51,372000.18,151458.95,2.81,2.81,1,829,729,11.05
894,9.00E+15,1,STN Ang Mo Kio,STN Yishun,55324,7.7,38.7,3.15,2,372000.18,151458.95,370416.01,158031.8,5.12,5.13,1,852,752,11.05
895,9.00E+15,1,59009,59189,77822,1.1,11.07,3.71,2,370558.65,157837.94,371189.4,158558.88,7.21,7.21,0,872,772,11.05
899,9.00E+15,1,72011,STN Harbour Front,32898,25.8,103.05,1.94,3,378232.78,146829.36,368781.52,139885.86,3.05,3.06,3,833,734,11.05
900,9.00E+15,1,STN Harbour Front,STN Aljunied,71864,10.4,50.63,3.44,2,368781.52,139885.86,375728.31,145534.37,6.65,6.66,1,867,768,11.05
901,9.00E+15,1,STN Aljunied,STN Kallang,77931,1.4,12.07,3.71,2,375728.31,145534.37,374439.48,144985.29,7.22,7.22,0,872,772,11.05
902,9.00E+15,1,STN Admiralty,84011,28293,33.5,110.58,1.87,3,366606.08,159274.97,380105.49,146207.16,2.62,2.63,4,830,730,11.05
903,9.00E+15,1,84011,84019,44973,1.9,12.37,2.71,3,380105.49,146207.16,380132.75,146173.12,4.16,4.17,0,841,742,11.05
904,9.00E+15,1,84011,STN Tampines,67590,6.7,22.23,5.09,3,380105.49,146207.16,382656.24,149583.11,6.26,6.26,0,862,763,11.05
905,9.00E+15,1,STN Tampines,STN Simei,69777,1.4,20.7,6.71,2,382656.24,149583.11,383559.6,148487.43,6.46,6.46,0,864,765,11.05
906,9.00E+15,1,STN Simei,STN Admiralty,78493,38.7,111.7,8.92,2,383559.6,148487.43,366606.08,159274.97,7.27,7.28,5,877,778,11.05
907,9.00E+15,1,20199,STN Orchard,45605,19.5,62.97,1.64,3,360731.49,145833.38,370110.15,144193.88,4.22,4.23,2,844,744,11.05
908,9.00E+15,1,STN Orchard,STN Jurong East,62728,16.5,71.93,3.53,2,370110.15,144193.88,360037.84,147517.21,5.81,5.81,2,860,760,11.05
921,2.00E+15,2,46539,STN Khatib,24678,10.6,19.85,0.58,3,364078.89,158329.12,370166.39,156694.54,2.29,2.29,1,623,424,11.05
922,2.00E+15,2,STN Khatib,46549,67766,9.5,51.85,2.58,3,370166.39,156694.54,364423.14,158436.38,6.27,6.28,1,663,464,11.05
923,9.00E+15,1,77281,STN Boon Keng,27521,13.4,51.43,1.56,3,381661.59,152377.28,373387.18,145882.68,2.55,2.55,1,826,727,11.05
924,9.00E+15,1,STN Boon Keng,77289,65168,13.8,43.9,3.56,3,373387.18,145882.68,381643.36,152419.78,6.03,6.04,1,861,761,11.05
925,9.00E+15,1,STN Outram Park,43619,65055,16.5,74.25,1.53,3,370829.62,141653.96,361893.44,148582.01,6.02,6.03,2,862,762,11.05
926,8.89E+15,1,46419,STN Raffles Place,33434,28.6,60.43,1.82,3,365843.11,159588.09,372219.63,141941.89,3.10,3.10,3,833,734,11.05
927,8.89E+15,1,STN Raffles Place,STN Eunos,67055,7.9,37.6,3.15,2,372219.63,141941.89,377967.94,145896.32,6.21,6.21,1,863,763,11.05
928,9.00E+15,1,STN Bukit Gombak,44551,60439,5.1,23.28,0.91,3,361138.68,150231.35,359655.74,152114.09,5.60,5.60,0,855,756,11.05
929,9.00E+15,1,84049,STN City Hall,32463,10.7,23.35,1.29,3,381481.97,146412.88,372304.44,142970.99,3.01,3.01,1,831,731,11.05
930,9.00E+15,1,STN Bugis,STN Bedok,70110,9,47.67,3.21,2,372752.11,143794.74,380964.37,146371.96,6.49,6.50,1,865,766,11.05
931,9.00E+15,1,11061,53021,29934,7.7,22.48,1.15,3,366626.57,144014.8,370572.1,149203.13,2.77,2.77,1,828,729,11.05
932,9.00E+15,1,53059,11079,65897,8.3,40.85,3.21,3,369979.84,149841.31,366700.78,144322.5,6.10,6.11,1,862,762,11.05
935,9.00E+15,1,43259,84011,64194,29.7,68.62,1.83,4,362343.01,150088.08,380105.49,146207.16,5.94,5.95,4,863,764,11.05
939,9.00E+15,1,14041,1112,36912,6.9,60.3,1.09,3,367888.92,140766.48,372642.93,143720.57,3.42,3.42,0,834,734,11.05
940,9.00E+15,1,7518,14041,67000,8.9,74.97,3.21,2,372279.28,143797.58,367888.92,140766.48,6.20,6.21,1,863,763,11.05
941,9.00E+15,1,16231,46088,27686,28.5,75.35,1.8,4,364102.73,142221.5,363294.37,159409.31,2.56,2.57,3,828,729,11.05
942,9.00E+15,1,46088,17039,65092,19.6,45.58,4.64,4,363294.37,159409.31,362715.59,143886.66,6.03,6.03,2,862,762,11.05
943,9.00E+15,1,54641,STN Toa Payoh,66246,8,45.65,1.15,3,373690.03,152078.02,371815.75,147333.86,6.13,6.14,1,862,762,11.05
944,9.00E+15,1,52009,60221,72107,3.8,33.83,2.81,2,371758.01,147278.12,374349.18,146187.19,6.68,6.68,0,866,767,11.05
945,2.00E+15,3,84391,5039,37189,17.2,77.65,0.86,4,380344.42,147334.39,371227.25,141832.58,3.44,3.45,2,436,137,11.05
946,2.00E+15,3,5013,84371,48708,12.4,84.33,3.86,3,371272.62,141947.74,380542.17,147092.01,4.51,4.52,1,446,146,11.05
949,9.00E+15,1,70141,73041,26866,2.8,30.3,0.71,2,376204.81,147387.08,377492.57,149310.26,2.49,2.49,0,824,725,11.05
950,9.00E+15,1,73049,53141,62339,10.7,34.98,2.44,4,377522.41,149316.17,371102.17,149874.67,5.77,5.78,1,858,759,11.05
951,9.00E+15,1,53329,53231,71480,1.7,12.53,4.71,2,371002.58,150516.82,371826.81,149323.59,6.62,6.62,0,866,766,11.05
952,9.00E+15,1,53009,53371,79822,2,14.53,5.71,2,372088.29,149317.94,371381.68,150345.68,7.39,7.39,0,873,774,11.05
953,2.00E+15,3,52059,52451,24807,6,34.67,1.01,3,372715.97,148483.61,372872.64,146524.63,2.30,2.30,0,422,123,11.05
954,2.00E+15,3,50991,52051,63701,7.4,64.68,2.86,3,372725.35,146266.93,372638.39,148512.1,5.90,5.90,1,459,160,11.05
955,8.99E+15,1,72039,95131,22864,14.2,86.2,1.41,3,378701.08,147630.68,388737.85,153154.21,2.12,2.13,1,822,722,11.05
956,8.99E+15,1,95139,75009,53039,9.3,52.13,3.25,2,388632.79,153143.58,382488.05,149744.73,4.91,4.92,1,850,750,11.05
957,8.99E+15,1,75009,72069,60940,6.5,43.57,4.09,2,382488.05,149744.73,378724.76,147202.61,5.64,5.65,0,856,756,11.05
958,8.99E+15,1,72061,75341,68539,3.7,28.83,4.81,2,378717.61,147228.7,381390.72,147950.84,6.35,6.35,0,863,763,11.05
959,8.99E+15,1,75349,72069,71527,3.6,23.87,5.81,2,381401.45,147928.31,378724.76,147202.61,6.62,6.63,0,866,766,11.05
963,9.00E+15,1,60221,28519,32397,25.2,73.05,1.77,4,374349.18,146187.19,358044.7,149336.37,3.00,3.01,3,832,733,11.05
966,2.00E+15,1,84621,75239,42018,2.9,8.57,0.71,3,380403.29,147944.05,381269.36,148882.89,3.89,3.89,0,838,739,11.05
967,2.00E+15,1,75231,84629,68624,2.7,12.22,2.71,3,381263.4,148907.8,380420.19,147927.55,6.35,6.36,0,863,764,11.05
968,8.89E+15,1,75351,77369,65971,5.2,32.83,0.91,3,381034.3,151814.14,383384,151268.63,6.11,6.11,0,861,761,11.05
969,9.00E+15,1,54081,71081,28404,7.9,36.15,1.75,3,371823.81,150748.59,377688.35,147444.82,2.63,2.63,1,827,727,11.05
970,9.00E+15,1,71089,54009,70698,9.7,67.1,3.25,2,377721.91,147375.16,371954.55,151416.39,6.55,6.55,1,866,767,11.05
973,8.89E+15,1,72069,STN Commonwealth,25869,17.1,44.62,1.53,3,378724.76,147202.61,366297,144004.03,2.40,2.40,2,825,726,11.05
974,8.89E+15,1,63311,72061,67252,7.1,47.67,3.09,3,375249.31,151426.68,378717.61,147228.7,6.23,6.23,0,862,762,11.05
982,9.00E+15,1,77209,STN Bugis,51601,18.2,40.1,1.57,3,382407.37,152468.05,372752.11,143794.74,4.78,4.78,2,849,750,11.05
983,9.00E+15,1,STN Bugis,77249,73030,19.6,76.65,3.64,3,372752.11,143794.74,382060.1,152102.33,6.76,6.77,2,869,770,11.05
988,9.00E+15,1,21601,15059,31368,15.4,46.78,1.49,4,357716.81,147841.2,366792.54,141165.22,2.90,2.91,2,831,731,11.05
989,9.00E+15,1,15051,21609,67885,15.1,60.55,4.45,4,366769.88,141200.81,357707.01,147899.11,6.29,6.29,2,864,765,11.05
990,9.00E+15,1,58129,75009,30372,24.2,51.55,1.75,3,368713.76,160611.02,382488.05,149744.73,2.81,2.82,3,831,731,11.05
991,2.00E+15,2,84071,84569,69842,3.9,26.55,0.41,3,382341.01,146000.08,379856.64,146814.43,6.47,6.47,0,664,465,11.05
992,2.00E+15,2,93031,STN Tampines,66876,8.6,32.4,0.58,3,380892.07,144797.36,382656.24,149583.11,6.19,6.20,1,662,463,11.05
999,8.99E+15,1,11419,STN Tanjong Pagar,34297,7.5,21.4,1.15,3,366054.76,144940.64,371579.46,141114.03,3.18,3.18,1,832,733,11.05
1000,8.99E+15,1,3223,9212,67929,6.1,103.93,3.01,2,371647.71,141032.56,370131.97,144491.07,6.29,6.30,0,862,763,11.05
1021,9.00E+15,1,STN Tiong Bahru,21499,32879,22.4,77.16,4.35,3,369493.29,142180.82,356592.47,146664.69,3.04,3.05,3,833,734,11.05
1022,9.00E+15,1,STN Lakeside,STN Tiong Bahru,72214,14.4,93,8.45,2,357675.78,148616.17,369493.29,142180.82,6.69,6.70,1,867,768,11.05
1025,8.89E+15,1,47619,2099,32834,31.3,105.95,3.53,3,367292.04,159678.5,373453.48,142723.9,3.04,3.05,4,834,734,11.05
1026,8.89E+15,1,15051,STN City Hall,42228,11.3,72.37,6.33,2,366769.88,141200.81,372304.44,142970.99,3.91,3.92,1,840,740,11.05
1027,8.89E+15,1,STN City Hall,47611,52500,25.2,176.73,9.77,2,372304.44,142970.99,367200.13,159622.1,4.86,4.88,3,851,752,11.05
1028,8.89E+15,1,47619,46649,65549,2.9,42.4,11.71,2,367292.04,159678.5,365435.57,158665.44,6.07,6.07,0,860,761,11.05
1029,8.89E+15,1,46641,47611,66921,3,46.13,13.71,2,365397.05,158686.96,367200.13,159622.1,6.20,6.20,0,861,762,11.05
1038,9.00E+15,1,62019,STN Tanjong Pagar,25657,19.5,137.2,3.46,3,375783.91,148441.87,371579.46,141114.03,2.38,2.39,2,825,726,11.05
1039,9.00E+15,1,STN Tanjong Pagar,84029,51469,12.5,88.77,6.37,2,371579.46,141114.03,380416.36,146254.07,4.77,4.77,1,848,749,11.05
1040,9.00E+15,1,84029,62031,70335,7.6,113.13,9.15,2,380416.36,146254.07,375587.15,148728.35,6.51,6.52,1,866,766,11.05
1041,9.00E+15,1,84009,82109,1122,7.3,54.78,2.11,3,380887.5,146468.87,376864.69,145402.85,0.10,0.11,0,801,701,11.05
1042,9.00E+15,1,STN Paya Lebar,STN Newton,44201,9.8,92.13,6.25,2,376841.28,145716.07,370714.99,145098.94,4.09,4.10,1,841,742,11.05
1043,9.00E+15,1,41101,7539,52914,5.8,102.07,8.01,2,367570.73,145867.81,372296.4,144215.42,4.90,4.91,0,848,749,11.05
1044,9.00E+15,1,1112,81139,57796,5.6,94.33,10.01,2,372642.93,143720.57,376750.05,145317.52,5.35,5.36,0,853,754,11.05
1045,9.00E+15,1,82119,93041,79050,6.3,88.93,12.09,2,376957.17,145501.47,381338.09,144953.28,7.32,7.33,0,873,773,11.05
1046,9.00E+15,1,93041,84031,86365,2.3,20.07,13.71,2,381338.09,144953.28,380954.32,146395.32,8.00,8.00,0,879,780,11.05
1050,9.00E+15,1,75009,STN Clementi,619,30.3,78.38,2.87,3,382488.05,149744.73,362627.84,145414.63,0.06,0.06,4,804,705,11.05
1051,9.00E+15,1,12209,12091,39758,3,11.4,11.98,3,362522.27,146653.74,363920.91,146887.51,3.68,3.68,0,836,737,11.05
1052,9.00E+15,1,12099,STN Dhoby Ghaut,56077,16.3,112.97,11.53,2,363903.81,146822.11,371602.6,143563.1,5.19,5.20,2,853,754,11.05
1053,9.00E+15,1,STN Dhoby Ghaut,STN Tampines,84348,16.7,140.67,14.53,2,371602.6,143563.1,382656.24,149583.11,7.81,7.82,2,880,780,11.05
1054,2.00E+15,1,28571,14129,38849,17.8,119.2,1.57,2,358214.85,149499.11,368672.26,139989.2,3.60,3.61,2,837,738,11.05
1055,2.00E+15,1,STN Harbour Front,28571,63578,52.5,190.33,15.59,4,368781.52,139885.86,358214.85,149499.11,5.89,5.90,7,865,766,11.05
1056,2.00E+15,2,27439,STN Redhill,27266,18,65.23,1.94,3,355057.56,149206.36,368357.62,142584.98,2.52,2.53,2,627,427,11.05
1057,2.00E+15,2,STN Redhill,27331,66830,17.2,317.6,5.58,2,368357.62,142584.98,355304.18,148742.98,6.19,6.22,2,663,464,11.05
1073,9.00E+15,1,STN Tanjong Pagar,82079,46063,19.7,211.08,3.88,3,371579.46,141114.03,377089.36,144602.94,4.27,4.28,2,844,745,11.05
1076,9.00E+15,1,STN Bukit Batok,43189,20274,30.8,141.07,3.94,3,360869.84,149118.51,361687.83,148913.05,1.88,1.89,4,822,723,11.05
1077,9.00E+15,1,10139,52181,28909,12.5,49.14,3.04,3,367398.29,142202.54,371676.87,147374.2,2.68,2.68,1,827,728,11.05
1078,9.00E+15,1,STN Toa Payoh,54389,62584,5.5,62.37,6.01,2,371815.75,147333.86,372788.89,151061.36,5.79,5.80,0,857,758,11.05
1082,9.00E+15,1,STN Clementi,12101,29781,38.8,236.77,4.27,3,362627.84,145414.63,364015.92,147314.15,2.76,2.78,5,832,733,11.05
1083,9.00E+15,1,12109,12079,54937,1.1,20.6,5.71,2,364039.02,147159.12,363448.05,146360.15,5.09,5.09,0,850,751,11.05
1084,9.00E+15,1,12071,42141,64942,1.7,25.67,7.71,2,363401.64,146378.35,364068.72,147708.96,6.01,6.02,0,860,760,11.05
1085,9.00E+15,1,42149,12079,68085,1.7,17.87,9.71,2,364113.01,147707.59,363448.05,146360.15,6.30,6.31,0,863,763,11.05
1086,2.00E+15,2,STN Pasir Ris,97059,22067,38.1,188.22,3.16,3,383134.16,151730.43,385518.11,150435.06,2.04,2.06,5,625,426,11.05
1087,9.00E+15,1,64101,66101,33542,11,83.8,2.92,3,375014.53,151713.28,374651.3,151556.21,3.11,3.11,1,832,732,11.05
1090,8.99E+15,1,52071,44389,27112,18.7,61.22,4.36,3,371397.37,147030.46,363675.48,151636.08,2.51,2.52,2,827,727,11.05
1093,8.89E+15,1,14201,14209,38470,4,34.85,2.42,3,367513.96,141699.02,367558.84,141706.9,3.56,3.57,0,835,736,11.05
1094,8.99E+15,1,46449,46831,25723,41.8,170.77,5.37,3,365403.96,159480.07,366015.76,159602,2.38,2.40,5,828,729,11.05
1095,8.99E+15,1,17029,17029,69691,27.7,216.03,3.82,3,362833.69,143370.39,362833.69,143370.39,6.45,6.47,3,867,768,11.05
1096,9.00E+15,1,40011,40019,30612,20.5,174.25,4.54,3,371966.78,144378.76,371965.49,144455.5,2.83,2.85,2,830,731,11.05
1097,9.00E+15,1,81011,STN Novena,24115,39.3,313.6,4.22,3,375762.25,145409.86,371373.98,145935.66,2.23,2.26,5,827,728,11.05
1098,9.00E+15,1,50038,80091,74121,4.6,82.73,5.91,2,371328.79,145888.57,375503.19,145364.92,6.86,6.87,0,868,769,11.05
1099,9.00E+15,1,77271,77279,26443,18,179.85,3.46,3,381510.57,152619.82,381490.19,152650.94,2.45,2.47,2,826,727,11.05
1100,9.00E+15,1,77239,77009,71906,2.3,27.47,5.71,2,381851.07,152265.36,383140.64,151880.8,6.66,6.66,0,866,767,11.05
1101,9.00E+15,1,77009,77221,77257,1.9,26.67,7.71,2,383140.64,151880.8,381865.45,152516.12,7.15,7.16,0,871,772,11.05
1102,9.00E+15,1,63071,63349,31210,10.7,146.83,2.92,3,376872.28,150311.32,376420.23,151124.95,2.89,2.90,1,829,730,11.05
1108,8.99E+15,1,STN Eunos,STN Jurong East,33398,23.9,236.91,7.37,3,377967.94,145896.32,360037.84,147517.21,3.09,3.11,3,833,734,11.05
1109,8.99E+15,1,STN Jurong East,71111,62079,49.2,586.13,17.33,2,360037.84,147517.21,377692.48,146667.31,5.75,5.80,6,863,764,11.05
1110,2.00E+15,1,STN Serangoon,63299,29109,25.6,291.3,9.99,3,374668.85,149158.2,376329.66,149532.28,2.70,2.72,3,829,730,11.05
1111,9.00E+15,1,65249,64051,22970,27.7,186.2,7.99,3,378548.51,154744.3,377386.35,151719.61,2.13,2.14,3,824,724,11.05
1114,8.89E+15,1,52019,52289,22924,28.4,379.65,7.49,3,371357.1,148586.79,372501.65,147563.02,2.12,2.16,3,824,725,11.05
1115,8.89E+15,1,52291,52179,79430,0.7,32.4,9.71,2,372307.96,147821.13,371802.62,148224.35,7.35,7.36,0,873,774,11.05
1131,9.00E+15,1,10361,10369,23088,36.5,313.34,7.87,3,369121.51,141552.9,369147.01,141547.36,2.14,2.17,4,825,726,11.05
1133,2.00E+15,3,14381,14381,26251,38.2,318.4,8.88,3,369334.03,140854.55,369334.03,140854.55,2.43,2.46,5,429,130,11.05
1134,2.00E+15,1,84449,84529,25286,53.5,458.62,10.65,3,381139.06,147395.4,381436.97,147263.09,2.34,2.38,7,830,731,11.05
1135,2.00E+15,1,63291,63299,45373,23.3,280.97,9.52,3,376268.27,149499.32,376329.66,149532.28,4.20,4.23,3,845,745,11.05
1136,8.99E+15,1,84401,17141,28726,26.6,240.97,9.49,3,380624.95,147381.07,362433.54,144938.56,2.66,2.68,3,829,730,11.05
1139,2.00E+15,3,63299,63291,50210,25.7,371.77,8.25,3,376329.66,149532.28,376268.27,149499.32,4.65,4.68,3,449,150,11.05
1140,8.99E+15,1,44259,28401,33091,25,297.8,9.51,3,362382.32,152607.92,357413.17,149324.85,3.06,3.09,3,833,734,11.05
1141,9.00E+15,1,28659,28621,31091,6,104.99,6.13,3,360680.83,147519.83,360224.34,148317.95,2.88,2.89,0,828,729,11.05
1142,9.00E+15,1,28641,28049,57768,1.2,25.46,9.71,2,360515.23,148046.09,360737.99,147098.5,5.35,5.35,0,853,754,11.05
1143,9.00E+15,1,STN Sembawang,STN Orchard,26560,54.9,839.74,20.53,3,368744.83,160195.32,370110.15,144193.88,2.46,2.54,7,831,732,11.05
1144,9.00E+15,1,50189,50189,27452,41.7,551.92,18.04,3,371891.39,146599.78,371891.39,146599.78,2.54,2.59,5,830,731,11.05
1145,8.99E+15,1,STN Potong Pasir,75239,34035,38.6,697.37,15.07,3,374204.47,147183.88,381269.36,148882.89,3.15,3.22,5,836,737,11.05
1146,8.99E+15,1,75231,84009,52607,3.6,194.4,14.81,2,381263.4,148907.8,380887.5,146468.87,4.87,4.89,0,848,749,11.05
1147,8.99E+15,1,41111,41111,48450,36.1,566.12,19.82,3,367809.58,146047.94,367809.58,146047.94,4.49,4.54,4,848,749,11.05
1150,9.00E+15,1,46349,46291,25912,37.4,241.93,19.37,3,364955.8,158298.22,364557.8,158803.06,2.40,2.42,5,828,729,11.05
1154,9.00E+15,1,52301,52291,26025,78.9,1166.4,56.42,3,372574.78,147494.69,372307.96,147821.13,2.41,2.52,10,834,735,11.05
1155,9.00E+15,1,7529,7031,41485,44.1,1026.99,50.99,3,372597,144209.02,372192.33,144350.83,3.84,3.94,5,843,744,11.05
1156,9.00E+15,1,46009,7211,430,56.3,873.58,26.3,3,364917.56,158848.76,372765.77,145170.5,0.04,0.12,7,807,708,11.05
,,,,,,,,,,,,,,,,,,,
,,,,,,,,,,,,,,,,,,,
